{"Start": [[0.0, 0.9984350547730829, 1.0, 0.000782472613458529], [0.4111111111111111, 0.810641627543036, 0.002777777777777778, 0.001564945226917058], [0.40555555555555556, 0.809076682316119, 0.002777777777777778, 0.001564945226917058], [0.4097222222222222, 0.8067292644757433, 0.001388888888888889, 0.000782472613458529], [0.40555555555555556, 0.8012519561815337, 0.005555555555555556, 0.003129890453834116], [0.4, 0.7996870109546166, 0.002777777777777778, 0.006259780907668232], [0.4166666666666667, 0.7981220657276995, 0.002777777777777778, 0.001564945226917058], [0.4222222222222222, 0.797339593114241, 0.001388888888888889, 0.000782472613458529], [0.4222222222222222, 0.7949921752738655, 0.002777777777777778, 0.001564945226917058], [0.40555555555555556, 0.7949921752738655, 0.008333333333333333, 0.003129890453834116], [0.2972222222222222, 0.7668231611893583, 0.011111111111111112, 0.003129890453834116], [0.2916666666666667, 0.7668231611893583, 0.002777777777777778, 0.001564945226917058], [0.2916666666666667, 0.7613458528951487, 0.001388888888888889, 0.000782472613458529], [0.2833333333333333, 0.7605633802816901, 0.005555555555555556, 0.004694835680751174], [0.2902777777777778, 0.7574334898278561, 0.001388888888888889, 0.000782472613458529], [0.2833333333333333, 0.7449139280125195, 0.005555555555555556, 0.007042253521126761]], "Middle": [[0.39166666666666666, 0.7151799687010955, 0.001388888888888889, 0.000782472613458529], [0.38333333333333336, 0.7136150234741784, 0.05, 0.017214397496087636], [0.39305555555555555, 0.7206572769953051, 0.004166666666666667, 0.002347417840375587], [0.7486111111111111, 0.6651017214397497, 0.001388888888888889, 0.000782472613458529], [0.7166666666666667, 0.6651017214397497, 0.030555555555555555, 0.023474178403755867], [0.7319444444444444, 0.6854460093896714, 0.004166666666666667, 0.002347417840375587], [0.7347222222222223, 0.6705790297339593, 0.004166666666666667, 0.002347417840375587], [0.6388888888888888, 0.5414710485133021, 0.001388888888888889, 0.000782472613458529], [0.6180555555555556, 0.5234741784037559, 0.001388888888888889, 0.000782472613458529], [0.6111111111111112, 0.5211267605633803, 0.04722222222222222, 0.023474178403755867], [0.3, 0.4694835680751174, 0.03888888888888889, 0.03599374021909233], [0.3194444444444444, 0.5031298904538342, 0.004166666666666667, 0.002347417840375587], [0.30277777777777776, 0.4937402190923318, 0.004166666666666667, 0.002347417840375587], [0.31527777777777777, 0.4780907668231612, 0.004166666666666667, 0.002347417840375587], [0.32083333333333336, 0.47339593114241, 0.004166666666666667, 0.002347417840375587], [0.5625, 0.43114241001564946, 0.001388888888888889, 0.000782472613458529], [0.5583333333333333, 0.4303599374021909, 0.002777777777777778, 0.000782472613458529], [0.5652777777777778, 0.4295774647887324, 0.001388888888888889, 0.000782472613458529], [0.5611111111111111, 0.4287949921752739, 0.001388888888888889, 0.000782472613458529], [0.5638888888888889, 0.42566510172143973, 0.008333333333333333, 0.003129890453834116], [0.5222222222222223, 0.4084507042253521, 0.03333333333333333, 0.026604068857589983], [0.5319444444444444, 0.4287949921752739, 0.004166666666666667, 0.002347417840375587], [0.5083333333333333, 0.24413145539906103, 0.001388888888888889, 0.000782472613458529], [0.45, 0.2269170579029734, 0.07222222222222222, 0.028169014084507043], [0.5069444444444444, 0.24960876369327073, 0.004166666666666667, 0.002347417840375587], [0.7472222222222222, 0.2237871674491393, 0.041666666666666664, 0.03129890453834116], [0.7680555555555556, 0.2519561815336463, 0.004166666666666667, 0.002347417840375587], [0.7847222222222222, 0.2511737089201878, 0.004166666666666667, 0.002347417840375587], [0.75, 0.24960876369327073, 0.004166666666666667, 0.002347417840375587], [0.7472222222222222, 0.24647887323943662, 0.004166666666666667, 0.002347417840375587], [0.7541666666666667, 0.23708920187793428, 0.004166666666666667, 0.002347417840375587], [0.7555555555555555, 0.23630672926447574, 0.004166666666666667, 0.002347417840375587], [0.7569444444444444, 0.23552425665101723, 0.004166666666666667, 0.002347417840375587]], "Finish": [[0.8222222222222222, 0.12519561815336464, 0.058333333333333334, 0.028169014084507043]]}